{"X_curr": 1000000000000, "reV": 0.1964201764836517, "imV": 0.8561907623330091, "reC": -1.7807808924837597e-18, "imC": -2.5347460946584938e-18, "Sg": 0.31571845205387267, "Sc": 1.063919793793323e-17, "M": 65536, "meta": {"twopi": 6.283185307179586}}