{"X_curr": 100000000000, "reV": 0.17986543211066747, "imV": 0.7891786380179754, "reC": 1.325013639389902e-17, "imC": -4.063693504011709e-17, "Sg": 0.31571845205369986, "Sc": -1.2957750990314413e-17, "M": 65536, "meta": {"twopi": 6.283185307179586}}