{"X_curr": 10000000000, "reV": 0.13748092009150847, "imV": 0.8517926584693439, "reC": -2.9510627882339824e-18, "imC": 4.664441033939981e-17, "Sg": 0.31571845205180565, "Sc": -3.0139976102185548e-18, "M": 65536, "meta": {"twopi": 6.283185307179586}}