{"X_curr": 1000000000, "reV": 0.2202606715363867, "imV": 0.8402247589719839, "reC": 4.512991542970912e-18, "imC": -1.1031757105040008e-17, "Sg": 0.3157184520308285, "Sc": -1.9511068104674112e-17, "M": 65536, "meta": {"twopi": 6.283185307179586}}